updated_publication,publication,updated_DOI,DOI
"Ashworth, A.C., V. Markgraf, and C. Villagrán. 1991. Late Quaternary climatic history of the Chilean Channels based on fossil pollen and beetle analyses, with an analysis of the modern vegetation and pollen rain. Journal of Quaternary Science 6:279-291.","Ashworth, A.C., V. Markgraf, and C. Villagrán. 1991. Late Quaternary climatic history of the Chilean Channels based on fossil pollen and beetle analyses, with an analysis of the modern vegetation and pollen rain. Journal of Quaternary Science 6:279-291.",10.1002/jqs.3390060403,
"Athens, J.S. 1997. Paleoambiente del Oriente ecuatoriano: resultados preliminares de columnas de sedimentos procedentes de humedales. Fronteras de Investigación 1(1):15-32.;
Athens, J.S., and J.V. Ward. 1999. The late Quaternary of the western Amazon: climate, vegetation, and humans. Antiquity 73(280):287-302.","Athens, J.S. 1997. Paleoambiente del Oriente ecuatoriano: resultados preliminares de columnas de sedimentos procedentes de humedales. Fronteras de Investigación 1(1):15-32.;
Athens, J.S., and J.V. Ward. 1999. The late Quaternary of the western Amazon: climate, vegetation, and humans. Antiquity 73(280):287-302. [DOI: 10.1017/S0003598X00088256]", ;\n10.1017/S0003598X00088256,10.1017/S0003598X00088256
"Behling, H. 1993. Untersuchungen zur spätpleistozänen und holozänen Vegetations- und Klimageschichte der tropischen Küstenwälder und der Araukarienwälder in Santa Catarina (Südbrasilien). Dissertationes Botanicae 206. J Cramer, Berlin Stuttgart, Germany.;
Behling, H. 1995. Investigations into the Late Pleistocene and Holocene history of vegetation and climate in Santa Catarina (S Brazil). Vegetation History and Archaeobotany 4:127-152.","Behling, H. 1993. Untersuchungen zur spätpleistozänen und holozänen Vegetations- und Klimageschichte der tropischen Küstenwälder und der Araukarienwälder in Santa Catarina (Südbrasilien). Dissertationes Botanicae 206. J Cramer, Berlin Stuttgart, Germany.;
Behling, H. 1995. Investigations into the Late Pleistocene and Holocene history of vegetation and climate in Santa Catarina (S Brazil). Vegetation History and Archaeobotany 4:127-152.",;\n10.1007/BF00203932,
"Behling, H. 1993. Untersuchungen zur spätpleistozänen und holozänen Vegetations- und Klimageschichte der tropischen Küstenwälder und der Araukarienwälder in Santa Catarina (Südbrasilien). Dissertationes Botanicae 206. J Cramer, Berlin Stuttgart, Germany.;
Behling, H. 1995. Investigations into the Late Pleistocene and Holocene history of vegetation and climate in Santa Catarina (S Brazil). Vegetation History and Archaeobotany 4:127-152.;
Ledru, M.-P., H. Behling, M. Fournier, L. Martin, and M. Servant. 1994. Localisation de la forêt d'Araucaria du Brésil au cours de l'Holocène. Implications paléoclimatiques. C.R. Acad. Sci. Paris 317:517-521.","Behling, H. 1993. Untersuchungen zur spätpleistozänen und holozänen Vegetations- und Klimageschichte der tropischen Küstenwälder und der Araukarienwälder in Santa Catarina (Südbrasilien). Dissertationes Botanicae 206. J Cramer, Berlin Stuttgart, Germany.;
Behling, H. 1995. Investigations into the Late Pleistocene and Holocene history of vegetation and climate in Santa Catarina (S Brazil). Vegetation History and Archaeobotany 4:127-152.;
Ledru, M.-P., H. Behling, M. Fournier, L. Martin, and M. Servant. 1994. Localisation de la forêt d'Araucaria du Brésil au cours de l'Holocène. Implications paléoclimatiques. C.R. Acad. Sci. Paris 317:517-521.",;\n10.1007/BF00203932,
"Behling, H. 1995. A high resolution Holocene pollen record from Lago do Pires, SE Brazil: Vegetation, climate and fire history. Journal of Paleolimnology 14:253-268.","Behling, H. 1995. A high resolution Holocene pollen record from Lago do Pires, SE Brazil: Vegetation, climate and fire history. Journal of Paleolimnology 14:253-268.",10.1007/BF00682427,
"Behling, H. 1996. First report on new evidence for the occurrence of Podocarpus and possible human presence at the mouth of the Amazon during the Late-glacial. Vegetation History and Archaeobotany 5:241-246.","Behling, H. 1996. First report on new evidence for the occurrence of Podocarpus and possible human presence at the mouth of the Amazon during the Late-glacial. Vegetation History and Archaeobotany 5:241-246.",10.1007/BF00217501,
"Behling, H. 1997. Late Quaternary vegetation, climate and fire history from the tropical mountain region of Morro de Itapeva, SE Brazil. Palaeogeography, Palaeoclimatology, Palaeoecology 129:407-422.","Behling, H. 1997. Late Quaternary vegetation, climate and fire history from the tropical mountain region of Morro de Itapeva, SE Brazil. Palaeogeography, Palaeoclimatology, Palaeoecology 129:407-422.",10.1016/S0031-0182(97)88177-1,
"Behling, H. 1997. Late Quaternary vegetation, climate and fire history in the Araucaria forest and campos region from Serra Campos Gerais (Paraná), S Brazil. Review of Palaeobotany and Palynology 97:109-121.","Behling, H. 1997. Late Quaternary vegetation, climate and fire history in the Araucaria forest and campos region from Serra Campos Gerais (Paraná), S Brazil. Review of Palaeobotany and Palynology 97:109-121.",10.1016/S0034-6667(96)00065-6,
"Behling, H., A.J. Negret, and H. Hooghiemstra. 1998. Late Quaternary vegetational and climatic change in the Popayán region, southern Colombian Andes. Journal of Quaternary Science 13(1):43-53.;
Wille, M., H. Hooghiemstra, H. Behling, K. van der Borg, and A.J. Negret. 2001. Environmental change in the Colombian subandean forest belt from 8 pollen records: the last 50 kyr. Vegetation History and Archaeobotany 10(2):61-77.","Behling, H., A.J. Negret, and H. Hooghiemstra. 1998. Late Quaternary vegetational and climatic change in the Popayán region, southern Colombian Andes. Journal of Quaternary Science 13(1):43-53. [DOI: 10.1002/(SICI)1099-1417(199801/02)13:1<43::AID-JQS348>3.0.CO;2-G];
Wille, M., H. Hooghiemstra, H. Behling, K. van der Borg, and A.J. Negret. 2001. Environmental change in the Colombian subandean forest belt from 8 pollen records: the last 50 kyr. Vegetation History and Archaeobotany 10(2):61-77. [DOI: 10.1007/PL00006921]",10.1002/(SICI)1099-1417(199801/02)13:1<43::AID-JQS348>3.0.CO;2-G;\n10.1007/PL00006921,"10.1002/(SICI)1099-1417(199801/02)13:1<43::AID-JQS348>3.0.CO;2-G];;
10.1007/PL00006921"
"Behling, H., and H. Hooghiemstra. 1998. Late Quaternary palaeoecology and palaeoclimatology from pollen records of the savannas of the Llanos Orientales in Colombia. Palaeogeography, Palaeoclimatology, Palaeoecology 139(3-4):251-267.","Behling, H., and H. Hooghiemstra. 1998. Late Quaternary palaeoecology and palaeoclimatology from pollen records of the savannas of the Llanos Orientales in Colombia. Palaeogeography, Palaeoclimatology, Palaeoecology 139(3-4):251-267. [DOI: 10.1016/S0031-0182(97)00139-9]",10.1016/S0031-0182(97)00139-9,10.1016/S0031-0182(97)00139-9
"Behling, H., J.C. Berrio, and H. Hooghiemstra. 1999. Late Quaternary pollen records from the middle Caquetá river basin in central Colombian Amazon. Palaeogeography, Palaeoclimatology, Palaeoecology 135(1-3):193-213.","Behling, H., J.C. Berrio, and H. Hooghiemstra. 1999. Late Quaternary pollen records from the middle Caquetá river basin in central Colombian Amazon. Palaeogeography, Palaeoclimatology, Palaeoecology 135(1-3):193-213. [DOI: Palaeogeography, Palaeoclimatology, Palaeoecology]",10.1016/S0031-0182(98)00105-9,
"Behling, H., M.C.L. Cohen, and R.J. Lara. 2001. Studies on Holocene mangrove ecosystem dynamics of the Braganca Peninsula in north-eastern Pará, Brazil. Palaeogeography, Palaeoclimatology, Palaeoecology 167:225-242.","Behling, H., M.C.L. Cohen, and R.J. Lara. 2001. Studies on Holocene mangrove ecosystem dynamics of the Braganca Peninsula in north-eastern Pará, Brazil. Palaeogeography, Palaeoclimatology, Palaeoecology 167:225-242.",NA,
"Berrío Mogollón, J.C. 2002. Doctoral dissertation. Amsterdam, The Netherlands.;
Behling, H., J.C. Berrio, and H. Hooghiemstra. 1999. Late Quaternary pollen records from the middle Caquetá river basin in central Colombian Amazon. Palaeogeography, Palaeoclimatology, Palaeoecology 135(1-3):193-213.","Berrío Mogollón, J.C. 2002. Doctoral dissertation. Amsterdam, The Netherlands.;
Behling, H., J.C. Berrio, and H. Hooghiemstra. 1999. Late Quaternary pollen records from the middle Caquetá river basin in central Colombian Amazon. Palaeogeography, Palaeoclimatology, Palaeoecology 135(1-3):193-213. [DOI: Palaeogeography, Palaeoclimatology, Palaeoecology]",;\n10.1016/S0031-0182(98)00105-9,
"Berrío Mogollón, J.C. 2002. Doctoral dissertation. Amsterdam, The Netherlands.;
Berrio, J.C., H. Hooghiemstra, H. Behling, and K. van der Borg. 2000. Late Holocene history of savanna gallery forest from Carimagua area, Colombia. Review of Palaeobotany and Palynology 111(3-4):295-308.","Berrío Mogollón, J.C. 2002. Doctoral dissertation. Amsterdam, The Netherlands.;
Berrio, J.C., H. Hooghiemstra, H. Behling, and K. van der Borg. 2000. Late Holocene history of savanna gallery forest from Carimagua area, Colombia. Review of Palaeobotany and Palynology 111(3-4):295-308. [DOI: 10.1016/S0034-6667(00)00030-0]",;\n10.1016/S0034-6667(00)00030-0,10.1016/S0034-6667(00)00030-0
"Berrío Mogollón, J.C. 2002. Doctoral dissertation. Amsterdam, The Netherlands.;
Berrio, J.C., H. Hooghiemstra, H. Behling, P. Botero, and K. van der Borg. 2002. Late-Quaternary savanna history of the Colombian Llanos Orientales from Lagunas Chenevo and Mozambique: a transect synthesis. The Holocene 12(1):35-48.","Berrío Mogollón, J.C. 2002. Doctoral dissertation. Amsterdam, The Netherlands.;
Berrio, J.C., H. Hooghiemstra, H. Behling, P. Botero, and K. van der Borg. 2002. Late-Quaternary savanna history of the Colombian Llanos Orientales from Lagunas Chenevo and Mozambique: a transect synthesis. The Holocene 12(1):35-48. [DOI: 10.1191/0959683602h1518rp]",;\n10.1191/0959683602h1518rp,10.1191/0959683602h1518rp
"Berrío Mogollón, J.C. 2002. Doctoral dissertation. Amsterdam, The Netherlands.;
Berrío, J.C., H. Hooghiemstra, R. Marchant, and O. Rangel. 2002. Late-glacial and Holocene history of the dry forest area in the south Colombian Cauca Valley. Journal of Queternary Science 17(7):667-682.","Berrío Mogollón, J.C. 2002. Doctoral dissertation. Amsterdam, The Netherlands.;
Berrío, J.C., H. Hooghiemstra, R. Marchant, and O. Rangel. 2002. Late-glacial and Holocene history of the dry forest area in the south Colombian Cauca Valley. Journal of Queternary Science 17(7):667-682. [DOI: 10.1002/jqs.701]",;\n10.1002/jqs.701,10.1002/jqs.701
"Berrío, J.C., M.V. Arbeláez, J.F. Duivenvoorden, A.M. Cleef, and H. Hooghiemstra. 2003. Pollen representation and successional vegetation change on the sandstone plateau of Araracuara, Colombian Amazonia. Review of Palaeobotany and Palynology 126(3-4):163-181.","Berrı́o, J.C., M.V. Arbeláez, J.F. Duivenvoorden, A.M. Cleef, and H. Hooghiemstra. 2003. Pollen representation and successional vegetation change on the sandstone plateau of Araracuara, Colombian Amazonia. Review of Palaeobotany and Palynology 126(3-4):163-181. [DOI: 10.1016/S0034-6667(03)00083-6]",10.1016/S0034-6667(03)00083-6,10.1016/S0034-6667(03)00083-6
"Brugger, S.O., E. Gobet, J.F.N.v. Leeuwen, M.-P. Ledru, D. Colombaroli, W.O.v.d. Knaap, U. Lombardo, K. Escobar-Torrez, W. Finsinger, L. Rodrigues, A. Giesche, M. Zarate, H. Veit, and W. Tinner. 2016. Long-term man-environment interactions in the Bolivian Amazon: 8000 years of vegetation dynamics. Quaternary Science Reviews 132:114-128.","Brugger, S.O., E. Gobet, J.F.N.v. Leeuwen, M.-P. Ledru, D. Colombaroli, W.O.v.d. Knaap, U. Lombardo, K. Escobar-Torrez, W. Finsinger, L. Rodrigues, A. Giesche, M. Zarate, H. Veit, and W. Tinner. 2016. Long-term man-environment interactions in the Bolivian Amazon: 8000 years of vegetation dynamics. Quaternary Science Reviews 132:114-128. [DOI: 10.1016/j.quascirev.2015.11.001]",10.1016/j.quascirev.2015.11.001,10.1016/j.quascirev.2015.11.001
"Brunschön, C., and H. Behling. 2009. Late Quaternary vegetation, fire and climate history reconstructed from two cores at Cerro Toledo, Podocarpus National Park, southeastern Ecuadorian Andes. Quaternary Research 72(3):388-399.;
Brunschön, C., and H. Behling. 2010. Reconstruction and visualization of upper forest line and vegetation changes inthe Andean depression region of southeastern Ecuador since the last glacialmaximum—A multi-site synthesis. Review of Palaeobotany and Palynology 163:139-152.","Brunschön, C., and H. Behling. 2009. Late Quaternary vegetation, fire and climate history reconstructed from two cores at Cerro Toledo, Podocarpus National Park, southeastern Ecuadorian Andes. Quaternary Research 72(3):388-399. [DOI: https://doi.org/10.1016/j.yqres.2009.07.001];
Brunschön, C., and H. Behling. 2010. Reconstruction and visualization of upper forest line and vegetation changes inthe Andean depression region of southeastern Ecuador since the last glacialmaximum—A multi-site synthesis. Review of Palaeobotany and Palynology 163:139-152. [DOI: https://doi.org/10.1016/j.revpalbo.2010.10.005]","10.1016/j.yqres.2009.07.001;
10.1016/j.revpalbo.2010.10.005","https://doi.org/10.1016/j.yqres.2009.07.001];;
https://doi.org/10.1016/j.revpalbo.2010.10.005"
"Brunschön, C., and H. Behling. 2010. Reconstruction and visualization of upper forest line and vegetation changes inthe Andean depression region of southeastern Ecuador since the last glacialmaximum—A multi-site synthesis. Review of Palaeobotany and Palynology 163:139-152.;
Niemann, H., and H. Behling. 2009. Late Pleistocene and Holocene environmental change inferred from the Cocha Caranga sediment and soil records in the southeastern Ecuadorian Andes. Palaeogeography, Palaeoclimatology, Palaeoecology 276(1-4):1-14.","Brunschön, C., and H. Behling. 2010. Reconstruction and visualization of upper forest line and vegetation changes inthe Andean depression region of southeastern Ecuador since the last glacialmaximum—A multi-site synthesis. Review of Palaeobotany and Palynology 163:139-152. [DOI: https://doi.org/10.1016/j.revpalbo.2010.10.005];
Niemann, H., and H. Behling. 2009. Late Pleistocene and Holocene environmental change inferred from the Cocha Caranga sediment and soil records in the southeastern Ecuadorian Andes. Palaeogeography, Palaeoclimatology, Palaeoecology 276(1-4):1-14. [DOI: 10.1016/j.palaeo.2009.02.018]","10.1016/j.revpalbo.2010.10.005;
10.1016/j.palaeo.2009.02.018","https://doi.org/10.1016/j.revpalbo.2010.10.005];;
10.1016/j.palaeo.2009.02.018"
"Brunschön, C., and H. Behling. 2010. Reconstruction and visualization of upper forest line and vegetation changes inthe Andean depression region of southeastern Ecuador since the last glacialmaximum—A multi-site synthesis. Review of Palaeobotany and Palynology 163:139-152.;
Niemann, H., T. Haberzettl, and H. Behling. 2009. Holocene climate and vegetation dynamics inferred from the (11 700 cal. yr BP) Laguna Rabadilla de Vaca sediment record, southeastern Ecuadorian Andes. The Holocene 19(2):307-316.","Brunschön, C., and H. Behling. 2010. Reconstruction and visualization of upper forest line and vegetation changes inthe Andean depression region of southeastern Ecuador since the last glacialmaximum—A multi-site synthesis. Review of Palaeobotany and Palynology 163:139-152. [DOI: https://doi.org/10.1016/j.revpalbo.2010.10.005];
Niemann, H., T. Haberzettl, and H. Behling. 2009. Holocene climate and vegetation dynamics inferred from the (11 700 cal. yr BP) Laguna Rabadilla de Vaca sediment record, southeastern Ecuadorian Andes. The Holocene 19(2):307-316. [DOI: https://doi.org/10.1177/0959683608100575]","10.1016/j.revpalbo.2010.10.005;
10.1177/0959683608100575","https://doi.org/10.1016/j.revpalbo.2010.10.005];;
https://doi.org/10.1177/0959683608100575"
"Buso Jr, A.A., L.C.R. Pessenda, F.E. Mayle, F.L. Lorente, C. Volkmer-Ribeiro, J.A. Schiavo, M.G. Pereira, J.A. Bendassolli, K.C.D. Macario, and G.S. Siqueira. 2019. Paleovegetation and paleoclimate dynamics during the last 7000 years in the Atlantic forest of Southeastern Brazil based on palynology of a waterlogged sandy soil. Review of Palaeobotany and Palynology 264:1-10.","Buso Jr, A.A., L.C.R. Pessenda, F.E. Mayle, F.L. Lorente, C. Volkmer-Ribeiro, J.A. Schiavo, M.G. Pereira, J.A. Bendassolli, K.C.D. Macario, and G.S. Siqueira. 2019. Paleovegetation and paleoclimate dynamics during the last 7000 years in the Atlantic forest of Southeastern Brazil based on palynology of a waterlogged sandy soil. Review of Palaeobotany and Palynology 264:1-10. [DOI: https://doi.org/10.1016/j.revpalbo.2019.02.002]",10.1016/j.revpalbo.2019.02.002,https://doi.org/10.1016/j.revpalbo.2019.02.002
"Carrevedo, M.L., M. Frugone, C. Latorre, A. Maldonado, P. Bernárdez, R. Prego, D. Cárdenas, and B. Valero-Garcés. 2015. A 700-year record of climate and environmental change from a high Andean lake: Laguna del Maule, central Chile (36°S). The Holocene 25(6):956-972.","Carrevedo, M.L., M. Frugone, C. Latorre, A. Maldonado, P. Bernárdez, R. Prego, D. Cárdenas, and B. Valero-Garcés. 2015. A 700-year record of climate and environmental change from a high Andean lake: Laguna del Maule, central Chile (36°S). The Holocene 25(6):956-972. [DOI: 10.1177/0959683615574584]",10.1177/0959683615574584,10.1177/0959683615574584
"Carson, J.F., B.S. Whitney, F.E. Mayle, J. Iriarte, H. Prümers, J.D. Soto, and J. Watling. 2014. Environmental impact of geometric earthwork construction in pre-Columbian Amazonia. Proceedings of the National Academy of Sciences of the United States of America 111(29):10497-10502.","Carson, J.F., B.S. Whitney, F.E. Mayle, J. Iriarte, H. Prümers, J.D. Soto, and J. Watling. 2014. Environmental impact of geometric earthwork construction in pre-Columbian Amazonia. Proceedings of the National Academy of Sciences of the United States of America 111(29):10497-10502. [DOI: 10.1073/pnas.1321770111]",10.1073/pnas.1321770111,10.1073/pnas.1321770111
"Colinvaux, P.A., P.E. De Oliveira, J.E. Moreno, M.C. Miller, and M.B. Bush. 1996. A long pollen record from lowland Amazonia: forest and cooling in glacial times. Science 274:85-88.","Colinvaux, P.A., P.E. De Oliveira, J.E. Moreno, M.C. Miller, and M.B. Bush. 1996. A long pollen record from lowland Amazonia: forest and cooling in glacial times. Science 274:85-88.",10.1126/science.274.5284.85,
"Epping, I. 2009. Environmental change in the Colombian upper forest belt. Master's thesis. University of Amsterdam, Amsterdam, The Netherlands.","Epping, I. 2009. Environmental change in the Colombian upper forest belt. Master's thesis. University of Amsterdam, Amsterdam, The Netherlands.",NA,
"González-Carranza, Z., J.C. Berrío, H. Hooghiemstra, J.F. Duivenvoorden, and H. Behling. 2008. Changes of seasonally dry forest in the Colombian Patía Valley during the early and middle Holocene and the development of a dry climatic record for the northernmost Andes. Review of Palaeobotany and Palynology 152(1-2):1-10.","González-Carranza, Z., J.C. Berrío, H. Hooghiemstra, J.F. Duivenvoorden, and H. Behling. 2008. Changes of seasonally dry forest in the Colombian Patía Valley during the early and middle Holocene and the development of a dry climatic record for the northernmost Andes. Review of Palaeobotany and Palynology 152(1-2):1-10. [DOI: https://doi.org/10.1016/j.revpalbo.2008.03.005]",10.1016/j.revpalbo.2008.03.005,https://doi.org/10.1016/j.revpalbo.2008.03.005
"Gosling, W.D., J.A. Hanselman, C. Knox, B.G. Valencia, and M.B. Bush. 2009. Long-term drivers of change in Polylepis woodland distribution in the central Andes. Journal of Vegetation Science 20(6):1041-1052.;
Gosling, W.D., M.B. Bush, J.A. Hanselman, and A. Chepstow-Lusty. 2008. Glacial-interglacial changes in moisture balance and the impact on vegetation in the southern hemisphere tropical Andes (Bolivia/Peru). Palaeogeography, Palaeoclimatology, Palaeoecology 259(1):35-50.;
Hanselman, J.A., M.B. Bush, W.D. Gosling, A. Collins, C. Knox, P. Baker, and S.C. Fritz. 2011. A 370,000-year record of vegetation and fire history around Lake Titicaca (Bolivia/Peru). Palaeogeography, Palaeoclimatology, Palaeoecology 305(1-4):201-214.;
Hanselman, J.A., W.D. Gosling, G.M. Paduano, and M.B. Bush. 2005. Contrasting pollen histories of MIS 5e and the Holocene from Lake Titicaca (Bolivia/Peru). Journal of Quaternary Science 20(7-8):663-670.;
Tomos, M. 2008. Volcanism & Climate in the central Andes: the tephra record from Lake Titicaca. Master's thesis. University of Oxford, Oxford, United Kingdom. Notes: Supervisors: D.M. Pyle & W.D. Gosling","Gosling, W.D., J.A. Hanselman, C. Knox, B.G. Valencia, and M.B. Bush. 2009. Long-term drivers of change in Polylepis woodland distribution in the central Andes. Journal of Vegetation Science 20(6):1041-1052. [DOI: 10.1111/j.1654-1103.2009.01102.x];
Gosling, W.D., M.B. Bush, J.A. Hanselman, and A. Chepstow-Lusty. 2008. Glacial-interglacial changes in moisture balance and the impact on vegetation in the southern hemisphere tropical Andes (Bolivia/Peru). Palaeogeography, Palaeoclimatology, Palaeoecology 259(1):35-50. [DOI: 10.1016/j.palaeo.2007.02.050];
Hanselman, J.A., M.B. Bush, W.D. Gosling, A. Collins, C. Knox, P. Baker, and S.C. Fritz. 2011. A 370,000-year record of vegetation and fire history around Lake Titicaca (Bolivia/Peru). Palaeogeography, Palaeoclimatology, Palaeoecology 305(1-4):201-214. [DOI: 10.1016/j.palaeo.2011.03.002];
Hanselman, J.A., W.D. Gosling, G.M. Paduano, and M.B. Bush. 2005. Contrasting pollen histories of MIS 5e and the Holocene from Lake Titicaca (Bolivia/Peru). Journal of Quaternary Science 20(7-8):663-670. [DOI: 10.1002/jqs.979];
Tomos, M. 2008. Volcanism & Climate in the central Andes: the tephra record from Lake Titicaca. Master's thesis. University of Oxford, Oxford, United Kingdom. Notes: Supervisors: D.M. Pyle & W.D. Gosling","10.1111/j.1654-1103.2009.01102.x;
10.1016/j.palaeo.2007.02.050;
10.1016/j.palaeo.2011.03.002;
10.1002/jqs.979];","10.1111/j.1654-1103.2009.01102.x];;
10.1016/j.palaeo.2007.02.050];;
10.1016/j.palaeo.2011.03.002];;
10.1002/jqs.979];"
"Graf, K. 1992. Pollendiagramme aus den Anden: Eine Synthese zur Klimageschichte und Vegetationsentwicklung seit der letzten Eiszeit. Physische Geographie 34. Universität Zürich-Irchel, Geographisches Institut, Zürich, Switzerland.","Graf, K. 1992. Pollendiagramme aus den Anden: Eine Synthese zur Klimageschichte und Vegetationsentwicklung seit der letzten Eiszeit. Physische Geographie 34. Universität Zürich-Irchel, Geographisches Institut, Zürich, Switzerland.",,
"Hansen, B.C.S., D.T. Rodbell, G.O. Seltzer, B. León, K.R. Young, and M. Abbott. 2003. Late-glacial and Holocene vegetational history from two sites in the western Cordillera of southwestern Ecuador. Palaeogeography, Palaeoclimatology, Palaeoecology 194(1-3):79-108.","Hansen, B.C.S., D.T. Rodbell, G.O. Seltzer, B. León, K.R. Young, and M. Abbott. 2003. Late-glacial and Holocene vegetational history from two sites in the western Cordillera of southwestern Ecuador. Palaeogeography, Palaeoclimatology, Palaeoecology 194(1-3):79-108. [DOI: 10.1016/S0031-0182(03)00272-4]",10.1016/S0031-0182(03)00272-4,10.1016/S0031-0182(03)00272-4
"Hansen, B.C.S., G.O. Seltzer, and H.E. Wright, Jr. 1994. Late Quaternary vegetational change in the central Peruvian Andes. Palaeogeography, Palaeoclimatology, Palaeoecology 109:263-285.","Hansen, B.C.S., G.O. Seltzer, and H.E. Wright, Jr. 1994. Late Quaternary vegetational change in the central Peruvian Andes. Palaeogeography, Palaeoclimatology, Palaeoecology 109:263-285.",10.1016/0031-0182(94)90179-1,
"Hansen, B.C.S., H.E. Wright, Jr., and J.P. Bradbury. 1984. Pollen studies in the Junín area, central Peruvian Andes. Geological Society of America Bulletin 95:1454-1465.","Hansen, B.C.S., H.E. Wright, Jr., and J.P. Bradbury. 1984. Pollen studies in the Junín area, central Peruvian Andies. Geological Society of America Bulletin 95:1454-1465.",10.1130/0016-7606(1984)95<1454:PSITJA>2.0.CO;2,
"Haselhorst, D.S., J.E. Moreno, and S.W. Punyasena. 2020. Assessing the influence of vegetation structure and phenological variability on pollen-vegetation relationships using a 15-year Neotropical pollen rain record. Journal of Vegetation Science in press.","Haselhorst, D.S., J.E. Moreno, and S.W. Punyasena. 2020. Assessing the influence of vegetation structure and phenological variability on pollen-vegetation relationships using a 15-year Neotropical pollen rain record. Journal of Vegetation Science in press.",10.1111/jvs.12897,
"Helmens, K.F. 1990. Neogene-Quaternary geology of the high plain of Bogotá, Eastern Cordillera, Colombia (stratigraphy, paleoenvironments and landscape evolution). Doctoral dissertation. University of Amsterdam, Amsterdam, The Netherlands.;
Andriessen, P.A.M., K.F. Helmens, H. Hooghiemstra, P.A. Riezebos, and T. van der Hammen. 1994. Absolute chronology of the Pliocene-Quaternary sediment sequence of the Bogota area, Colombia. Quaternary Science Reviews 12(7):483-501.;
Helmens, K.F., and P. Kuhry. 1986. Middle and late Quaternary vegetational and climatic history of the paramo de Agua Blanca Eastern Cordillera, Colombia). Palaeogeography, palaeoclimatology, palaeoecology 56(3-4):291-335.;
Hooghiemstra, H., and E.T.H. Ran. 1994. Late and middle Pleistocene climatic change and forest development in Colombia: pollen record Funza II (2-158 m core interval ). Palaeogeography, Palaeoclimatology, Palaeoecology 109(2-4):211-246.;
van der Hammen, T., and H. Hooghiemstra. 1997. Chronostratigraphy and correlation of the Pliocene and Quaternary of Colombia. Quaternary International 40:81-91.","Helmens, K.F. 1990. Neogene-Quaternary geology of the high plain of Bogotá, Eastern Cordillera, Colombia (stratigraphy, paleoenvironments and landscape evolution). Doctoral dissertation. University of Amsterdam, Amsterdam, The Netherlands.;
Andriessen, P.A.M., K.F. Helmens, H. Hooghiemstra, P.A. Riezebos, and T. van der Hammen. 1994. Absolute chronology of the Pliocene-Quaternary sediment sequence of the Bogota area, Colombia. Quaternary Science Reviews 12(7):483-501. [DOI: 10.1016/0277-3791(93)90066-U];
Helmens, K.F., and P. Kuhry. 1986. Middle and late Quaternary vegetational and climatic history of the paramo de Agua Blanca Eastern Cordillera, Colombia). Palaeogeography, palaeoclimatology, palaeoecology 56(3-4):291-335. [DOI: 10.1016/0031-0182(86)90100-8];
Hooghiemstra, H., and E.T.H. Ran. 1994. Late and middle Pleistocene climatic change and forest development in Colombia: pollen record Funza II (2-158 m core interval ). Palaeogeography, Palaeoclimatology, Palaeoecology 109(2-4):211-246. [DOI: 10.1016/0031-0182(94)90177-5];
van der Hammen, T., and H. Hooghiemstra. 1997. Chronostratigraphy and correlation of the Pliocene and Quaternary of Colombia. Quaternary International 40:81-91. [DOI: 10.1016/S1040-6182(96)00064-X]",";\n10.1016/0277-3791(93)90066-U;
10.1016/0031-0182(86)90100-8;
10.1016/0031-0182(94)90177-5;
10.1016/S1040-6182(96)00064-X","10.1016/0277-3791(93)90066-U];;
10.1016/0031-0182(86)90100-8];;
10.1016/0031-0182(94)90177-5];;
10.1016/S1040-6182(96)00064-X"
"Hillyer, R., B.G. Valencia, M.B. Bush, M.R. Silman, and M. Steinitz-Kannan. 2009. A 24,700-yr paleolimnological history from the Peruvian Andes. Quaternary Research 71(1):71-82.;
Valencia, B.G., D.H. Urrego, M.R. Silman, and M.B. Bush. 2010. From ice age to modern: a record of landscape change in an Andean cloud forest. Journal of Biogeography 37(9):1637-1647.","Hillyer, R., B.G. Valencia, M.B. Bush, M.R. Silman, and M. Steinitz-Kannan. 2009. A 24,700-yr paleolimnological history from the Peruvian Andes. Quaternary Research 71(1):71-82. [DOI: 10.1016/j.yqres.2008.06.006];
Valencia, B.G., D.H. Urrego, M.R. Silman, and M.B. Bush. 2010. From ice age to modern: a record of landscape change in an Andean cloud forest. Journal of Biogeography 37(9):1637-1647. [DOI: 10.1111/j.1365-2699.2010.02318.x]","10.1016/j.yqres.2008.06.006;
10.1111/j.1365-2699.2010.02318.x","10.1016/j.yqres.2008.06.006];;
10.1111/j.1365-2699.2010.02318.x"
"Iglesias, V. 2013. Holocene climate-vegetation-fire linkages along the Patagonian forest/steppe ecotone (41-43°S). Doctoral dissertation. Montana State University, Bozeman, Montana, USA.;
Iglesias, V., and C. Whitlock. 2014. Fire responses to postglacial climate change and human impact in northern Patagonia (41–43°S). Proceedings of the National Academy of Sciences of the United States of America Early Edition:1-10.;
Iglesias, V., C. Whitlock, M.M. Bianchi, G. Villarosa, and V. Outes. 2012. Climate and local controls of long-term vegetation dynamics in northern Patagonia (lat 41°S). Quaternary Research 78(3):502-512.;
Iglesias, V., C. Whitlock, V. Markgraf, and M.M. Bianchi. 2014. Postglacial history of the Patagonian forest/steppe ecotone (41—43°S). Quaternary Science Reviews 94:120-135.","Iglesias, V. 2013. Holocene climate-vegetation-fire linkages along the Patagonian forest/steppe ecotone (41-43°S). Doctoral dissertation. Montana State University, Bozeman, Montana, USA.;
Iglesias, V., and C. Whitlock. 2014. Fire responses to postglacial climate change and human impact in northern Patagonia (41–43°S). Proceedings of the National Academy of Sciences of the United States of America Early Edition:1-10. [DOI: 10.1073/pnas.1410443111];
Iglesias, V., C. Whitlock, M.M. Bianchi, G. Villarosa, and V. Outes. 2012. Climate and local controls of long-term vegetation dynamics in northern Patagonia (lat 41°S). Quaternary Research 78(3):502-512. [DOI: 10.1016/j.yqres.2012.07.004];
Iglesias, V., C. Whitlock, V. Markgraf, and M.M. Bianchi. 2014. Postglacial history of the Patagonian forest/steppe ecotone (41—43°S). Quaternary Science Reviews 94:120-135. [DOI: 10.1016/j.quascirev.2014.04.014]","10.1073/pnas.1410443111;
10.1016/j.yqres.2012.07.004;
10.1016/j.quascirev.2014.04.014","10.1073/pnas.1410443111];;
10.1016/j.yqres.2012.07.004];;
10.1016/j.quascirev.2014.04.014"
"Iglesias, V. 2013. Holocene climate-vegetation-fire linkages along the Patagonian forest/steppe ecotone (41-43°S). Doctoral dissertation. Montana State University, Bozeman, Montana, USA.;
Iglesias, V., and C. Whitlock. 2014. Fire responses to postglacial climate change and human impact in northern Patagonia (41–43°S). Proceedings of the National Academy of Sciences of the United States of America Early Edition:1-10.;
Iglesias, V., C. Whitlock, V. Markgraf, and M.M. Bianchi. 2014. Postglacial history of the Patagonian forest/steppe ecotone (41—43°S). Quaternary Science Reviews 94:120-135.","Iglesias, V. 2013. Holocene climate-vegetation-fire linkages along the Patagonian forest/steppe ecotone (41-43°S). Doctoral dissertation. Montana State University, Bozeman, Montana, USA.;
Iglesias, V., and C. Whitlock. 2014. Fire responses to postglacial climate change and human impact in northern Patagonia (41–43°S). Proceedings of the National Academy of Sciences of the United States of America Early Edition:1-10. [DOI: 10.1073/pnas.1410443111];
Iglesias, V., C. Whitlock, V. Markgraf, and M.M. Bianchi. 2014. Postglacial history of the Patagonian forest/steppe ecotone (41—43°S). Quaternary Science Reviews 94:120-135. [DOI: 10.1016/j.quascirev.2014.04.014]","10.1073/pnas.1410443111;
10.1016/j.quascirev.2014.04.014","10.1073/pnas.1410443111];;
10.1016/j.quascirev.2014.04.014"
"Iglesias, V., S.G. Haberle, A. Holz, and C. Whitlock. 2018. Holocene dynamics of temperate rainforests in west-central Patagonia. Frontiers in Ecology and Evolution 5:177.","Iglesias, V., S.G. Haberle, A. Holz, and C. Whitlock. 2018. Holocene dynamics of temperate rainforests in west-central Patagonia. Frontiers in Ecology and Evolution 5:177. [DOI: 10.3389/fevo.2017.00177]",10.3389/fevo.2017.00177,10.3389/fevo.2017.00177
"Iglesias, V., V. Markgraf, and C. Whitlock. 2016. 17,000 years of vegetation, fire and climate change in the eastern foothills of the Andes (lat. 44°S). Palaeogeography, Palaeoclimatology, Palaeoecology 457:195-208.","Iglesias, V., V. Markgraf, and C. Whitlock. 2016. 17,000 years of vegetation, fire and climate change in the eastern foothills of the Andes (lat. 44°S). Palaeogeography, Palaeoclimatology, Palaeoecology 457:195-208. [DOI: 10.1016/j.palaeo.2016.06.008]",10.1016/j.palaeo.2016.06.008,10.1016/j.palaeo.2016.06.008
"Kelly, T.J., I.T. Lawson, K.H. Roucoux, T.R. Baker, T.D. Jones, and N.K. Sanderson. 2017. The vegetation history of an Amazonian domed peathland. Palaeogeography, Palaeoclimatology, Palaeoecology 468:129-141.","Kelly, T.J., I.T. Lawson, K.H. Roucoux, T.R. Baker, T.D. Jones, and N.K. Sanderson. 2017. The vegetation history of an Amazonian domed peathland. Palaeogeography, Palaeoclimatology, Palaeoecology 468:129-141. [DOI: https://doi.org/10.1016/j.palaeo.2016.11.039]",10.1016/j.palaeo.2016.11.039,https://doi.org/10.1016/j.palaeo.2016.11.039
"Kennett, D., A. Anderson, M. Prebble, E. Conte, and J. Southon. 2006. Prehistoric human impacts on Rapa, French Polynesia. Antiquity 80(308):340-354.;
Prebble, M., A. Anderson, and D.J. Kennett. 2013. Forest clearance and agricultural expansion on Rapa, Austral Archipelago, French Polynesia. The Holocene 23(2):179-196.;
Prebble, M., A.J. Anderson, P. Augustinus, J. Emmitt, S.J. Fallon, L.L. Furey, S.J. Holdaway, A. Jorgensen, T.N. Ladefoged, P.J. Matthews, J.-Y. Meyer, R. Phillipps, R. Wallace, and N. Porch. 2019. Early tropical crop production in marginal subtropical and temperate Polynesia. Proceedings of the National Academy of Sciences of the United States of America 116(18):8824-8833.","Kennett, D., A. Anderson, M. Prebble, E. Conte, and J. Southon. 2006. Prehistoric human impacts on Rapa, French Polynesia. Antiquity 80(308):340-354. [DOI: 10.1017/S0003598X00093662];
Prebble, M., A. Anderson, and D.J. Kennett. 2013. Forest clearance and agricultural expansion on Rapa, Austral Archipelago, French Polynesia. The Holocene 23(2):179-196. [DOI: 10.1177/0959683612455551];
Prebble, M., A.J. Anderson, P. Augustinus, J. Emmitt, S.J. Fallon, L.L. Furey, S.J. Holdaway, A. Jorgensen, T.N. Ladefoged, P.J. Matthews, J.-Y. Meyer, R. Phillipps, R. Wallace, and N. Porch. 2019. Early tropical crop production in marginal subtropical and temperate Polynesia. Proceedings of the National Academy of Sciences of the United States of America 116(18):8824-8833. [DOI: 10.1073/pnas.1821732116]","10.1017/S0003598X00093662;
10.1177/0959683612455551;
10.1073/pnas.1821732116","10.1017/S0003598X00093662];;
10.1177/0959683612455551];;
10.1073/pnas.1821732116"
"Kuhry, P. 1988. Palaeobotanical-palaeoecological studies of tropical high Andean peatbog sections (Cordillera Oriental, Colombia). Dissertationes Botanicae 116. J. Cramer, Berlin, Germany.","Kuhry, P. 1988. Palaeobotanical-palaeoecological studies of tropical high Andean peatbog sections (Cordillera Oriental, Colombia). Dissertationes Botanicae 116. J. Cramer, Berlin, Germany.",NA,
"Ledru, M.-P. 1992. Modifications de la végétation du Brésil entre la dernière époque glaciaire et l'interglaciaire actuel. C. R. Acad. Sci. Paris, t. 314, série II:17-123.;
Ledru, M.-P. 1993 Late Quaternary environmental and climatic changes in Central Brazil. Quaternary Research 39:90-98.;
Ledru, M.-P., H. Behling, M. Fournier, L. Martin, and M. Servant. 1994. Localisation de la forêt d'Araucaria du Brésil au cours de l'Holocène. Implications paléoclimatiques. C.R. Acad. Sci. Paris 317:517-521.","Ledru, M.-P. 1992. Modifications de la végétation du Brésil entre la dernière époque glaciaire et l'interglaciaire actuel. C. R. Acad. Sci. Paris, t. 314, série II:17-123.;
Ledru, M.-P. 1993 Late Quaternary environmental and climatic changes in Central Brazil. Quaternary Research 39:90-98.;
Ledru, M.-P., H. Behling, M. Fournier, L. Martin, and M. Servant. 1994. Localisation de la forêt d'Araucaria du Brésil au cours de l'Holocène. Implications paléoclimatiques. C.R. Acad. Sci. Paris 317:517-521.",;\n10.1006/qres.1993.1011;,
"Loughlin, N.J.D. 2018. Changing human impact on the montane forests of the eastern Andean flank, Ecuador. Doctoral dissertation. The Open University, Milton Keynes, United Kingdom.;
Loughlin, N.J.D., W.D. Gosling, P. Mothes, and E. Montoya. 2018. Ecological consequences of post-Columbian indigenous depopulation in the Andean– Amazonian corridor. Nature Ecology & Evolution 2(8):1233-1236.","Loughlin, N.J.D. 2018. Changing human impact on the montane forests of the eastern Andean flank, Ecuador. Doctoral dissertation. The Open University, Milton Keynes, United Kingdom.;
Loughlin, N.J.D., W.D. Gosling, P. Mothes, and E. Montoya. 2018. Ecological consequences of post-Columbian indigenous depopulation in the Andean– Amazonian corridor. Nature Ecology & Evolution 2(8):1233-1236. [DOI: 10.1038/s41559-018-0602-7]",;\n10.1038/s41559-018-0602-7,10.1038/s41559-018-0602-7
"Maezumi, S.Y., D. Alves, M. Robinson, J.G. de Souza, C. Levis, R.L. Barnett, E.A. de Oliveira, D. Urrego, D. Schaan, and J. Iriarte. 2018. The legacy of 4,500 years of polyculture agroforestry in the eastern Amazon. Nature Plants 4(8):540-547.;
Maezumi, S.Y., M. Robinson, J. de Souza, D.H. Urrego, D. Schaan, D. Alves, and J. Iriarte. 2018. New insights from pre-Columbian land use and fire management in Amazonian dark earth forests. Frontiers in Ecology and Evolution 6:111.","Maezumi, S.Y., D. Alves, M. Robinson, J.G. de Souza, C. Levis, R.L. Barnett, E.A. de Oliveira, D. Urrego, D. Schaan, and J. Iriarte. 2018. The legacy of 4,500 years of polyculture agroforestry in the eastern Amazon. Nature Plants 4(8):540-547. [DOI: 10.1038/s41477-018-0205-y];
Maezumi, S.Y., M. Robinson, J. de Souza, D.H. Urrego, D. Schaan, D. Alves, and J. Iriarte. 2018. New insights from pre-Columbian land use and fire management in Amazonian dark earth forests. Frontiers in Ecology and Evolution 6:111. [DOI: 10.3389/fevo.2018.00111]","10.1038/s41477-018-0205-y;
10.3389/fevo.2018.00111","10.1038/s41477-018-0205-y];;
10.3389/fevo.2018.00111"
"Markgraf, V. 1983. Late and postglacial vegetational and paleoclimatic changes in subantarctic, temperate, and arid environments in Argentina. Palynology 7(1):43-70.","Markgraf, V. 1983. Late and postglacial vegetational and paleoclimatic changes in subantarctic, temperate, and arid environments in Argentina. Palynology 7(1):43-70. [DOI: 10.1080/01916122.1983.9989252]",10.1080/01916122.1983.9989252,10.1080/01916122.1983.9989252
"Markgraf, V. 1983. Late and postglacial vegetational and paleoclimatic changes in subantarctic, temperate, and arid environments in Argentina. Palynology 7(1):43-70.;
Markgraf, V. 1993. Paleoenvironments and paleoclimates in Tierra del Fuego and southernmost Patagonia, South America. Palaeogeography, Palaeoclimatology, Palaeoecology 102(1-2):53-68.;
Markgraf, V. 1980. New data on the late- and postglacial history of La Mision, Tierra del Fuego, Argentina. Proceedings IV International Palynological Conference 3:68-74.;
Markgraf, V. 1980. Nuevos datos para la historia vegetacio- nal del Tardiglacial y Postglacial de ""La Mision"", Tierra del Fuego, Argentina. Memorias Inst. Nac. Antropologia, Mexico 86:75-81.","Markgraf, V. 1983. Late and postglacial vegetational and paleoclimatic changes in subantarctic, temperate, and arid environments in Argentina. Palynology 7(1):43-70. [DOI: 10.1080/01916122.1983.9989252];
Markgraf, V. 1993. Paleoenvironments and paleoclimates in Tierra del Fuego and southernmost Patagonia, South America. Palaeogeography, Palaeoclimatology, Palaeoecology 102(1-2):53-68. [DOI: 10.1016/0031-0182(93)90005-4];
Markgraf, V. 1980. New data on the late- and postglacial history of La Mision, Tierra del Fuego, Argentina. Proceedings IV International Palynological Conference 3:68-74.;
Markgraf, V. 1980. Nuevos datos para la historia vegetacio- nal del Tardiglacial y Postglacial de ""La Mision"", Tierra del Fuego, Argentina. Memorias Inst. Nac. Antropologia, Mexico 86:75-81.","10.1080/01916122.1983.9989252;
10.1016/0031-0182(93)90005-4;;","10.1080/01916122.1983.9989252];;
10.1016/0031-0182(93)90005-4];"
"Markgraf, V. 1985. Paleoenvironemtal history of the last 10,000 years in northwestern Argentina. Zentralblatt Geologie Palaeontologie 11/12:1739-1749.","Markgraf, V. 1985. Paleoenvironemtal history of the last 10,000 years in northwestern Argentina. Zentralblatt Geologie Palaeontologie 11/12:1739-1749.",NA,
"Markgraf, V. 1987. Paleoenvironmental changes at the northern limit of the subantarctic Nothofagus forest, latitude 37°S, Argentina. Quaternary Research 28:119-129.","Markgraf, V. 1987. Paleoenvironmental changes at the northern limit of the subantarctic Nothofagus forest, latitude 37°S, Argentina. Quaternary Research 28:119-129.",10.1016/0033-5894(87)90037-8,
"Markgraf, V., and R. Kenny. 1997. Character of rapid vegetation and climate change during the late glacial in southernmost South America. Pages 81-90 in Past and future rapid environmental changes: the spatial and evolutionary responses of terrestrial biota. Springer, Berlin, Germany.;
Markgraf, V. 1991. Younger Dryas in southern South America?. Boreas 20(1):63-69.;
Markgraf, V. 1993. Paleoenvironments and paleoclimates in Tierra del Fuego and southernmost Patagonia, South America. Palaeogeography, Palaeoclimatology, Palaeoecology 102(1-2):53-68.;
Markgraf, V. 1993. Younger Dryas in southernmost South America —- an update. Quaternary Science Reviews 12(5):351-355.;
Pendall, E., V. Markgraf, J.W.C. White, and M. Dreier. 2001. Multiproxy record of late Pleistocene - Holocene climate and vegetation changes from a peat bog in Patagonia. Quaternary Research 55(2):168-178.","Markgraf, V., and R. Kenny. 1997. Character of rapid vegetation and climate change during the late glacial in southernmost South America. Pages 81-90 in Past and future rapid environmental changes: the spatial and evolutionary responses of terrestrial biota. Springer, Berlin, Germany.;
Markgraf, V. 1991. Younger Dryas in southern South America?. Boreas 20(1):63-69. [DOI: 10.1111/j.1502-3885.1991.tb00459.x];
Markgraf, V. 1993. Paleoenvironments and paleoclimates in Tierra del Fuego and southernmost Patagonia, South America. Palaeogeography, Palaeoclimatology, Palaeoecology 102(1-2):53-68. [DOI: 10.1016/0031-0182(93)90005-4];
Markgraf, V. 1993. Younger Dryas in southernmost South America —- an update. Quaternary Science Reviews 12(5):351-355. [DOI: 10.1016/0277-3791(93)90043-L];
Pendall, E., V. Markgraf, J.W.C. White, and M. Dreier. 2001. Multiproxy record of late Pleistocene - Holocene climate and vegetation changes from a peat bog in Patagonia. Quaternary Research 55(2):168-178. [DOI: 10.1006/qres.2000.2206]",";\n10.1111/j.1502-3885.1991.tb00459.x;
10.1016/0031-0182(93)90005-4;
10.1016/0277-3791(93)90043-L;
10.1006/qres.2000.2206","10.1111/j.1502-3885.1991.tb00459.x];;
10.1016/0031-0182(93)90005-4];;
10.1016/0277-3791(93)90043-L];;
10.1006/qres.2000.2206"
"Markgraf, V., C. Whitlock, and S. Haberle. 2007. Vegetation and fire history during the last 18,000 cal yr B.P. in Southern Patagonia: Mallín Pollux, Coyhaique, Province Aisén (45°41′30″ S, 71°50′30″ W, 640 m elevation). Palaeogeography, Palaeoclimatology, Palaeoecology 254(3-4):492-507.","Markgraf, V., C. Whitlock, and S. Haberle. 2007. Vegetation and fire history during the last 18,000 cal yr B.P. in Southern Patagonia: Mallín Pollux, Coyhaique, Province Aisén (45°41′30″ S, 71°50′30″ W, 640 m elevation). Palaeogeography, Palaeoclimatology, Palaeoecology 254(3-4):492-507. [DOI: 10.1016/j.palaeo.2007.07.008]",10.1016/j.palaeo.2007.07.008,10.1016/j.palaeo.2007.07.008
"Markgraf, V., C. Whitlock, R.S. Anderson, and A. Garcia. 2009. Late Quaternary vegetation and fire history in the northernmost Nothofagus forest region: Mallin Vaca Lauquen, Neuquen Province, Argentina. Journal of Quaternary Science 24(3):248-258.","Markgraf, V., C. Whitlock, R.S. Anderson, and A. Garcia. 2009. Late Quaternary vegetation and fire history in the northernmost Nothofagus forest region: Mallin Vaca Lauquen, Neuquen Province, Argentina. Journal of Quaternary Science 24(3):248-258. [DOI: 10.1002/jqs.1233]",10.1002/jqs.1233,10.1002/jqs.1233
"Markgraf, V., J.P. Bradbury, A. Schwalb, S.J. Burns, C. Stern, D. Ariztegui, A. Gilli, F.A. Anselmetti, S. Stine, and N. Maidana. 2003. Holocene palaeoclimates of southern Patagonia: limnological and environmental history of Lago Cardiel, Argentina. The Holocene 13(4):581-591.","Markgraf, V., J.P. Bradbury, A. Schwalb, S.J. Burns, C. Stern, D. Ariztegui, A. Gilli, F.A. Anselmetti, S. Stine, and N. Maidana. 2003. Holocene palaeoclimates of southern Patagonia: limnological and environmental history of Lago Cardiel, Argentina. The Holocene 13(4):581-591. [DOI: 10.1191/0959683603hl648rp]",10.1191/0959683603hl648rp,10.1191/0959683603hl648rp
"Markgraf, V., V. Iglesias, and C. Whitlock. 2013. Late and postglacial vegetation and fire history from Cordón Serrucho Norte, northern Patagonia. Palaeogeography, Palaeoclimatology, Palaeoecology 371:109-118.","Markgraf, V., V. Iglesias, and C. Whitlock. 2013. Late and postglacial vegetation and fire history from Cordón Serrucho Norte, northern Patagonia. Palaeogeography, Palaeoclimatology, Palaeoecology 371:109-118. [DOI: 10.1016/j.palaeo.2012.12.023]",10.1016/j.palaeo.2012.12.023,10.1016/j.palaeo.2012.12.023
"Melief, A.B.M., and A.M. Cleef. 2008. Results of the pollen analysis of peat and lake deposits in the Sumapaz area. Pages 395-452 in T. van der Hammen, J.O. Rangel, and A.M. Cleef, editors. La Cordillera Oriental Colombiana Transecto Sumapaz. Studies on Tropical Andean Ecosystems 7. J. Cramer, Berlin, Germany.;
Cleef, A.M. 1981. The vegetation of the Páramos of the Colombian Cordillera Oriental. Doctoral dissertation. University of Amsterdam, Amsterdam, The Netherlands. Notes: Published by J. Cramer, Vaduz, Lichtenstein;
Melief, A.B.M. 1985. Late Quaternary paleoecology of the Parque Nacional Natural los Nevados (Cordillera Central) and Sumapaz (Cordillera Oriental) areas, Colombia. Doctoral dissertation. Universiteit van Amsterdam, Amsterdam, The Netherlands.","Melief, A.B.M., and A.M. Cleef. 2008. Results of the pollen analysis of peat and lake deposits in the Sumapaz area. Pages 395-452 in T. van der Hammen, J.O. Rangel, and A.M. Cleef, editors. La Cordillera Oriental Colombiana Transecto Sumapaz. Studies on Tropical Andean Ecosystems 7. J. Cramer, Berlin, Germany.;
Cleef, A.M. 1981. The vegetation of the Páramos of the Colombian Cordillera Oriental. Doctoral dissertation. University of Amsterdam, Amsterdam, The Netherlands. Notes: Published by J. Cramer, Vaduz, Lichtenstein;
Melief, A.B.M. 1985. Late Quaternary paleoecology of the Parque Nacional Natural los Nevados (Cordillera Central) and Sumapaz (Cordillera Oriental) areas, Colombia. Doctoral dissertation. Universiteit van Amsterdam, Amsterdam, The Netherlands.",NA,
"Melief, A.B.M., and A.M. Cleef. 2008. Results of the pollen analysis of peat and lake deposits in the Sumapaz area. Pages 395-452 in T. van der Hammen, J.O. Rangel, and A.M. Cleef, editors. La Cordillera Oriental Colombiana Transecto Sumapaz. Studies on Tropical Andean Ecosystems 7. J. Cramer, Berlin, Germany.;
Cleef, A.M. 1981. The vegetation of the Páramos of the Colombian Cordillera Oriental. Doctoral dissertation. University of Amsterdam, Amsterdam, The Netherlands. Notes: Published by J. Cramer, Vaduz, Lichtenstein;
Melief, A.B.M. 1985. Late Quaternary paleoecology of the Parque Nacional Natural los Nevados (Cordillera Central) and Sumapaz (Cordillera Oriental) areas, Colombia. Doctoral dissertation. Universiteit van Amsterdam, Amsterdam, The Netherlands.;
van der Hammen, T., and H. Hooghiemstra. 1995. The El Abra stadial, a Younger Dryas equivalent in Colombia. Quaternary Science Reviews 14(9):841-851.","Melief, A.B.M., and A.M. Cleef. 2008. Results of the pollen analysis of peat and lake deposits in the Sumapaz area. Pages 395-452 in T. van der Hammen, J.O. Rangel, and A.M. Cleef, editors. La Cordillera Oriental Colombiana Transecto Sumapaz. Studies on Tropical Andean Ecosystems 7. J. Cramer, Berlin, Germany.;
Cleef, A.M. 1981. The vegetation of the Páramos of the Colombian Cordillera Oriental. Doctoral dissertation. University of Amsterdam, Amsterdam, The Netherlands. Notes: Published by J. Cramer, Vaduz, Lichtenstein;
Melief, A.B.M. 1985. Late Quaternary paleoecology of the Parque Nacional Natural los Nevados (Cordillera Central) and Sumapaz (Cordillera Oriental) areas, Colombia. Doctoral dissertation. Universiteit van Amsterdam, Amsterdam, The Netherlands.;
van der Hammen, T., and H. Hooghiemstra. 1995. The El Abra stadial, a Younger Dryas equivalent in Colombia. Quaternary Science Reviews 14(9):841-851. [DOI: 10.1016/0277-3791(95)00066-6]",;\n;\n;\n10.1016/0277-3791(95)00066-6,10.1016/0277-3791(95)00066-6
"Mercer, J.H., and T.A. Ager. 1983. Glacial and floral changes in southern Argentina since 14,000 years ago. National Geographic Society Research Reports 15:457-477.","Mercer, J.H., and T.A. Ager. 1983. Glacial and floral changes in southern Argentina since 14,000 years ago. National Geographic Society Research Reports 15:457-477.",NA,
"Nanavati, W., C. Whitlock, V. Iglesias, and M.E. de Porras. 2019. Postglacial vegetation, fire, and climate history along the eastern Andes, Argentina and Chile (lat. 41–55°S). Quaternary Science Reviews 207:145-160.","Nanavati, W., C. Whitlock, V. Iglesias, and M.E. de Porras. 2019. Postglacial vegetation, fire, and climate history along the eastern Andes, Argentina and Chile (lat. 41–55°S). Quaternary Science Reviews 207:145-160. [DOI: 10.1016/j.quascirev.2019.01.014]",10.1016/j.quascirev.2019.01.014,10.1016/j.quascirev.2019.01.014
"Niemann, H. 2008. Late Quaternary vegetation, climate and fire dynamics in the Podocarpus National Park region, southeastern Ecuadorian Andes. Doctoral dissertation. Georg-August-Universität Göttingen, Göttingen, Germany.;
Niemann, H., and H. Behling. 2009. Late Pleistocene and Holocene environmental change inferred from the Cocha Caranga sediment and soil records in the southeastern Ecuadorian Andes. Palaeogeography, Palaeoclimatology, Palaeoecology 276(1-4):1-14.","Niemann, H. 2008. Late Quaternary vegetation, climate and fire dynamics in the Podocarpus National Park region, southeastern Ecuadorian Andes. Doctoral dissertation. Georg-August-Universität Göttingen, Göttingen, Germany.;
Niemann, H., and H. Behling. 2009. Late Pleistocene and Holocene environmental change inferred from the Cocha Caranga sediment and soil records in the southeastern Ecuadorian Andes. Palaeogeography, Palaeoclimatology, Palaeoecology 276(1-4):1-14. [DOI: 10.1016/j.palaeo.2009.02.018]",;\n10.1016/j.palaeo.2009.02.018,10.1016/j.palaeo.2009.02.018
"Niemann, H. 2008. Late Quaternary vegetation, climate and fire dynamics in the Podocarpus National Park region, southeastern Ecuadorian Andes. Doctoral dissertation. Georg-August-Universität Göttingen, Göttingen, Germany.;
Niemann, H., and H. Behling. 2010. Late Holocene environmental change and human impact inferred from three soil monoliths and the Laguna Zurita multi-proxi record in the southeastern Ecuadorian Andes. Vegetation History Archaeobotany 19:1-15.","Niemann, H. 2008. Late Quaternary vegetation, climate and fire dynamics in the Podocarpus National Park region, southeastern Ecuadorian Andes. Doctoral dissertation. Georg-August-Universität Göttingen, Göttingen, Germany.;
Niemann, H., and H. Behling. 2010. Late Holocene environmental change and human impact inferred from three soil monoliths and the Laguna Zurita multi-proxi record in the southeastern Ecuadorian Andes. Vegetation History Archaeobotany 19:1-15. [DOI: 10.1007/s00334-009-0226-6]",;\n10.1007/s00334-009-0226-6,10.1007/s00334-009-0226-6
"Plumpton, H.J., F.E. Mayle, and B.S. Whitney. 2019. Long-term impacts of mid-Holocene drier climatic conditions on Bolivian tropical dry forests. Quaternary Research.","Plumpton, H.J., F.E. Mayle, and B.S. Whitney. 2019. Long-term impacts of mid-Holocene drier climatic conditions on Bolivian tropical dry forests. Quaternary Research. [DOI: doi:10.1017/qua.2019.55]",10.1017/qua.2019.55,doi:10.1017/qua.2019.55
"Prebble, M., A.J. Anderson, P. Augustinus, J. Emmitt, S.J. Fallon, L.L. Furey, S.J. Holdaway, A. Jorgensen, T.N. Ladefoged, P.J. Matthews, J.-Y. Meyer, R. Phillipps, R. Wallace, and N. Porch. 2019. Early tropical crop production in marginal subtropical and temperate Polynesia. Proceedings of the National Academy of Sciences of the United States of America 116(18):8824-8833.","Prebble, M., A.J. Anderson, P. Augustinus, J. Emmitt, S.J. Fallon, L.L. Furey, S.J. Holdaway, A. Jorgensen, T.N. Ladefoged, P.J. Matthews, J.-Y. Meyer, R. Phillipps, R. Wallace, and N. Porch. 2019. Early tropical crop production in marginal subtropical and temperate Polynesia. Proceedings of the National Academy of Sciences of the United States of America 116(18):8824-8833. [DOI: 10.1073/pnas.1821732116]",10.1073/pnas.1821732116,10.1073/pnas.1821732116
"Prebble, M., R. Whitau, J.-Y. Meyer, L. Sibley-Punnett, S. Fallon, and N. Porch. 2016. Abrupt late Pleistocene ecological and climate change on Tahiti (French Polynesia). Journal of Biogeography:1-16.","Prebble, M., R. Whitau, J.-Y. Meyer, L. Sibley-Punnett, S. Fallon, and N. Porch. 2016. Abrupt late Pleistocene ecological and climate change on Tahiti (French Polynesia). Journal of Biogeography:1-16. [DOI: 10.1111/jbi.12807]",10.1111/jbi.12807,10.1111/jbi.12807
"Restrepo, A., P. Colinvaux, M. Bush, A. Correa-Metrio, J. Conroy, M.R. Gardener, P. Jaramillo, M. Steinitz-Kannan, and J. Overpeck. 2012. Impacts of climate variability and human colonization on the vegetation of the Galapagos Islands. Ecology 93(8):1853-1866.","Restrepo, A., P. Colinvaux, M. Bush, A. Correa-Metrio, J. Conroy, M.R. Gardener, P. Jaramillo, M. Steinitz-Kannan, and J. Overpeck. 2012. Impacts of climate variability and human colonization on the vegetation of the Galapagos Islands. Ecology 93(8):1853-1866. [DOI: 10.1890/11-1545.1]",10.1890/11-1545.1,10.1890/11-1545.1
"Rodríguez, F., and H. Behling. 2011. Late Holocene vegetation, fire, climate and upper forest line dynamics in the Podocarpus National Park, southeastern Ecuador. Vegetation History and Archaeobotany 20:1-14.","Rodríguez, F., and H. Behling. 2011. Late Holocene vegetation, fire, climate and upper forest line dynamics in the Podocarpus National Park, southeastern Ecuador. Vegetation History and Archaeobotany 20:1-14. [DOI: 10.1007/s00334-010-0252-4]",10.1007/s00334-010-0252-4,10.1007/s00334-010-0252-4
"Rull, V., M.-L. Salgado-Labouriau, C. Schubert, and S. Valastro, Jr. 1987. Late Holocene temperature depression in the Venezuelan Andes: palynological evidence. Palaeogeography, Palaeoclimatology, Palaeoecology 60:109-121.","Rull, V., M.-L. Salgado-Labouriau, C. Schubert, and S. Valastro, Jr. 1987. Late Holocene temperature depression in the Venezuelan Andes: palynological evidence. Palaeogeography, Palaeoclimatology, Palaeoecology 60:109-121.",10.1016/0031-0182(87)90027-7,
"Schäbitz, F. 1989. Untersuchungen zum aktuellen Pollenniederschlag und zur holozänen Klima- und Vegetationsentwicklung in den Anden Nord-Neuquéns, Argentinien. Bamberger Geographische Schriften 8. Bamberg, Germany.","Schäbitz, F. 1989. Untersuchungen zum aktuellen Pollenniederschlag und zur holozänen Klima- und Vegetationsentwicklung in den Anden Nord-Neuquéns, Argentinien. Bamberger Geographische Schriften 8. Bamberg, Germany.",NA,
"Schäbitz, F. 1994. Holocene climatic variations in northern Patagonia, Argentina. Palaeogeography, Palaeoclimatology, Palaeoecology 109:287-294.","Schäbitz, F. 1994. Holocene climatic variations in northern Patagonia, Argentina. Palaeogeography, Palaeoclimatology, Palaeoecology 109:287-294.",NA,
Unpublished data,Unpublished data,NA,
"Urrego, D.H., B.A. Niccum, C.F. La Drew, M.R. Silman, and M.B. Bush. 2011. Fire and drought as drivers of early Holocene tree line changes in the Peruvian Andes. Journal of Quaternary Science 26(1):28-36.","Urrego, D.H., B.A. Niccum, C.F. La Drew, M.R. Silman, and M.B. Bush. 2011. Fire and drought as drivers of early Holocene tree line changes in the Peruvian Andes. Journal of Quaternary Science 26(1):28-36. [DOI: 10.1002/jqs.1422]",10.1002/jqs.1422,10.1002/jqs.1422
"Urrego, D.H., M.B. Bush, M.R. Silman, B.A. Niccum, P. De la Rosa, C.H. McMichael, S. Hagen, and M. Palace. 2013. Holocene fires, forest stability and human occupation in south-western Amazonia. Journal of Biogeography 40(3):521-533.","Urrego, D.H., M.B. Bush, M.R. Silman, B.A. Niccum, P. De la Rosa, C.H. McMichael, S. Hagen, and M. Palace. 2013. Holocene fires, forest stability and human occupation in south-western Amazonia. Journal of Biogeography 40(3):521-533. [DOI: 10.1111/jbi.12016]",10.1111/jbi.12016,10.1111/jbi.12016
"Urrego, D.H., M.R. Silman, A. Correa-Metrio, and M.B. Bush. 2011. Pollen–vegetation relationships along steep climatic gradients in western Amazonia. Journal of Vegetation Science 22:795-806.","Urrego, D.H., M.R. Silman, A. Correa-Metrio, and M.B. Bush. 2011. Pollen–vegetation relationships along steep climatic gradients in western Amazonia. Journal of Vegetation Science 22:795-806. [DOI: 10.1111/j.1654-1103.2011.01289.x]",10.1111/j.1654-1103.2011.01289.x,10.1111/j.1654-1103.2011.01289.x
"Urrego, L.E., and J.C. Berrio. 2011. Los estudios paleoecológicos en el Chocó biogeográfico durante el Holoceno medio y reciente. Pages 23-38 in J.O. Rangel, editor. Colombia Diversidad Biótica IV,  El Chocó biogeográfico/Costa Pacífica. Universidad Nacional de Colombia, Conservación Internacional, Bogotá D.C., Colombia.;
Wille, M. 2001. Vegetation history and climate records of Colombian lowland areas: rain forest, savanna and intermontane ecosystems. Doctoral dissertation. University of Amsterdam, Amsterdam, The Netherlands.;
Velez, M.I., M. Wille, H. Hooghiemstra, S. Metcalfe, J. Vandenberghe, and K. van der Borg. 2001. Late Holocene environmental history of southern Chocó region, Pacific Colombia; sediment, diatom and pollenn analysis of core El Caimito. Palaeogeography, Palaoclimatology, Palaeoecology 173:197-214.","Urrego, L.E., and J.C. Berrio. 2011. Los estudios paleoecológicos en el Chocó biogeográfico durante el Holoceno medio y reciente. Pages 23-38 in J.O. Rangel, editor. Colombia Diversidad Biótica IV,  El Chocó biogeográfico/Costa Pacífica. Universidad Nacional de Colombia, Conservación Internacional, Bogotá D.C., Colombia.;
Wille, M. 2001. Vegetation history and climate records of Colombian lowland areas: rain forest, savanna and intermontane ecosystems. Doctoral dissertation. University of Amsterdam, Amsterdam, The Netherlands.;
Velez, M.I., M. Wille, H. Hooghiemstra, S. Metcalfe, J. Vandenberghe, and K. van der Borg. 2001. Late Holocene environmental history of southern Chocó region, Pacific Colombia; sediment, diatom and pollenn analysis of core El Caimito. Palaeogeography, Palaoclimatology, Palaeoecology 173:197-214. [DOI: S0031-0182(01)00322-4]",;\n;\nS0031-0182(01)00322-4,S0031-0182(01)00322-4
"van der Hammen, T. 1962. Palinologia de la region de “Laguna de los Bobos”: Historia de su clima, vegetacion y agricultura durante los ultimos 5.000 años. Revista de la Academia Colombiana de Ciencias Exactas, Físicas y Naturales 11(44):359-361.","van der Hammen, T. 1962. Palinologia de la region de “Laguna de los Bobos”: Historia de su clima, vegetacion y agricultura durante los ultimos 5.000 años. Revista de la Academia Colombiana de Ciencias Exactas, Físicas y Naturales 11(44):359-361.",NA,
"van der Hammen, T., and G.W. Noldus. 1984. Paleoecología de la Ciénaga Grande de Santa Marta/Paleoecology of the Ciénaga Grande (Great Lagoon) of Santa Marta. Pages 581-588 in T. van der Hammen and P.M. Ruiz, editors. Volume 2. La Sierra Nevada de Santa Marta (Colombia), transecto Buritica - La Cumbre. Studies on Tropical Andean Ecosystems/Estudios de Ecosistemas Tropandinos. J. Cramer, Berlin, Germany.;
Velez, M.I., J. Escobar, M. Brenner, O. Rangel, A. Betancourt, A.J. Jaramillo, J.H. Curtis, and J.L. Moreno. 2014. Middle to late Holocene relative sea level rise, climate variability and environmental change along the Colombian Caribbean coast. The Holocene 24(8):898-907.","van der Hammen, T., and G.W. Noldus. 1984. Paleoecología de la Ciénaga Grande de Santa Marta/Paleoecology of the Ciénaga Grande (Great Lagoon) of Santa Marta. Pages 581-588 in T. van der Hammen and P.M. Ruiz, editors. Volume 2. La Sierra Nevada de Santa Marta (Colombia), transecto Buritica - La Cumbre. Studies on Tropical Andean Ecosystems/Estudios de Ecosistemas Tropandinos. J. Cramer, Berlin, Germany.;
Velez, M.I., J. Escobar, M. Brenner, O. Rangel, A. Betancourt, A.J. Jaramillo, J.H. Curtis, and J.L. Moreno. 2014. Middle to late Holocene relative sea level rise, climate variability and environmental change along the Colombian Caribbean coast. The Holocene 24(8):898-907. [DOI: 10.1177/0959683614534740]",;\n10.1177/0959683614534740,10.1177/0959683614534740
"Velásquez-R., C.A., and H. Hooghiemstra. 2013. Pollen-based 17-kyr forest dynamics and climate change from the Western Cordillera of Colombia; no-analogue associations and temporarily lost biomes. Review of Palaeobotany and Palynology 194:38-49.","Velásquez-R., C.A., and H. Hooghiemstra. 2013. Pollen-based 17-kyr forest dynamics and climate change from the Western Cordillera of Colombia; no-analogue associations and temporarily lost biomes. Review of Palaeobotany and Palynology 194:38-49. [DOI: 10.1016/j.revpalbo.2013.03.001]",10.1016/j.revpalbo.2013.03.001,10.1016/j.revpalbo.2013.03.001
"Vélez Caicedo, M.I. 2003. A contribution of diatom analysis to Lateglacial and Holocene environmental reconstructions of Colombian lowland and montane ecosystems. Doctoral dissertation. University of Amsterdam, Amsterdam, The Netherlands.;
Vélez, M.I., J.C. Berrio, H. Hooghiemstra, S. Metcalfe, and R. Marchant. 2005. Palaeoenvironmental changes during the last ca. 8590 calibrated yr (7800 radiocarbon yr) in the dry forest ecosystem of the Patía Valley, Southern Colombian Andes: a multiproxy approach. Palaeogeography, Palaeoclimatology, Palaeoecology 216(3-4):279-302.","Vélez Caicedo, M.I. 2003. A contribution of diatom analysis to Lateglacial and Holocene environmental reconstructions of Colombian lowland and montane ecosystems. Doctoral dissertation. University of Amsterdam, Amsterdam, The Netherlands.;
Vélez, M.I., J.C. Berrio, H. Hooghiemstra, S. Metcalfe, and R. Marchant. 2005. Palaeoenvironmental changes during the last ca. 8590 calibrated yr (7800 radiocarbon yr) in the dry forest ecosystem of the Patía Valley, Southern Colombian Andes: a multiproxy approach. Palaeogeography, Palaeoclimatology, Palaeoecology 216(3-4):279-302. [DOI: https://doi.org/10.1016/j.palaeo.2004.11.006]",;\n10.1016/j.palaeo.2004.11.006,https://doi.org/10.1016/j.palaeo.2004.11.006
"Wille, M. 2001. Vegetation history and climate records of Colombian lowland areas: rain forest, savanna and intermontane ecosystems. Doctoral dissertation. University of Amsterdam, Amsterdam, The Netherlands.;
Wille, M., H. Hooghiemstra, H. Behling, K. van der Borg, and A.J. Negret. 2001. Environmental change in the Colombian subandean forest belt from 8 pollen records: the last 50 kyr. Vegetation History and Archaeobotany 10(2):61-77.","Wille, M. 2001. Vegetation history and climate records of Colombian lowland areas: rain forest, savanna and intermontane ecosystems. Doctoral dissertation. University of Amsterdam, Amsterdam, The Netherlands.;
Wille, M., H. Hooghiemstra, H. Behling, K. van der Borg, and A.J. Negret. 2001. Environmental change in the Colombian subandean forest belt from 8 pollen records: the last 50 kyr. Vegetation History and Archaeobotany 10(2):61-77. [DOI: 10.1007/PL00006921]",;\n10.1007/PL00006921,10.1007/PL00006921
"Ybert, J.P., and Y. Miranda. 1984. Analisis palinologico de un corte del Sajama. Actas II Congreso Geologico Bolivia, 691-694.","Ybert, J.P., and Y. Miranda. 1984. Analisis palinologico de un corte del Sajama. Actas II Congreso Geologico Bolivia, 691-694.",NA,